{
  "experiment": "02.multi_model_no_dep",
  "timestamp": "2025-11-02T19:55:35.359749",
  "config": {
    "n1": 4,
    "n2": 2,
    "qps1": 8.0,
    "qps2": 5.0,
    "num_tasks": 20,
    "workload_a": {
      "type": "bimodal",
      "description": "Bimodal: 50% at 2.0s, 50% at 8.5s",
      "mean": 5.102414751965028,
      "std": 2.9453526843690714,
      "min": 1.0,
      "max": 10.0
    },
    "workload_b": {
      "type": "pareto",
      "description": "Pareto (alpha=1.5): 80%<7.1s, 95%<9.8s, long-tail to 10.0s",
      "mean": 4.183835766688222,
      "std": 3.004471985326356,
      "min": 1.0,
      "max": 10.0
    }
  },
  "results": []
}