{
  "experiment": "02.multi_model_no_dep",
  "timestamp": "2025-11-02T19:56:43.465050",
  "config": {
    "n1": 4,
    "n2": 2,
    "qps1": 8.0,
    "qps2": 5.0,
    "num_tasks": 10,
    "workload_a": {
      "type": "bimodal",
      "description": "Bimodal: 50% at 2.0s, 50% at 8.5s",
      "mean": 5.472936369586745,
      "std": 3.308915758202893,
      "min": 1.0,
      "max": 10.0
    },
    "workload_b": {
      "type": "pareto",
      "description": "Pareto (alpha=1.5): 80%<6.2s, 95%<8.7s, long-tail to 10.0s",
      "mean": 4.156263784450146,
      "std": 2.782702742274655,
      "min": 1.0,
      "max": 10.0
    }
  },
  "results": []
}