{
  "experiment": "02.multi_model_no_dep",
  "timestamp": "2025-11-02T19:55:19.940071",
  "config": {
    "n1": 4,
    "n2": 2,
    "qps1": 8.0,
    "qps2": 5.0,
    "num_tasks": 20,
    "workload_a": {
      "type": "bimodal",
      "description": "Bimodal: 50% at 2.0s, 50% at 8.5s",
      "mean": 5.102414751965028,
      "std": 2.9453526843690714,
      "min": 1.0,
      "max": 10.0
    },
    "workload_b": {
      "type": "pareto",
      "description": "Pareto (alpha=1.5): 80%<7.1s, 95%<9.8s, long-tail to 10.0s",
      "mean": 4.183835766688222,
      "std": 3.004471985326356,
      "min": 1.0,
      "max": 10.0
    }
  },
  "results": [
    {
      "strategy": "round_robin",
      "scheduler_a": {
        "scheduler": "Scheduler A",
        "strategy": "round_robin",
        "qps": 8.0,
        "num_tasks": 20,
        "num_submitted": 20,
        "num_completed": 20,
        "avg_completion_time": 13.706546914577483,
        "median_completion_time": 11.260048747062683,
        "p95_completion_time": 24.532637953758243,
        "p99_completion_time": 29.834166979789725,
        "total_time": 34.70431971549988,
        "submission_time": 3.71781587600708,
        "actual_qps": 5.379502553924193,
        "instance_distribution_submitted": {
          "instance-000": 5,
          "instance-001": 5,
          "instance-002": 5,
          "instance-003": 5
        },
        "instance_distribution_completed": {
          "instance-000": 5,
          "instance-001": 5,
          "instance-002": 5,
          "instance-003": 5
        }
      },
      "scheduler_b": {
        "scheduler": "Scheduler B",
        "strategy": "round_robin",
        "qps": 5.0,
        "num_tasks": 20,
        "num_submitted": 20,
        "num_completed": 20,
        "avg_completion_time": 23.034523177146912,
        "median_completion_time": 19.9598149061203,
        "p95_completion_time": 39.86350668668747,
        "p99_completion_time": 42.16315200567245,
        "total_time": 45.53175926208496,
        "submission_time": 2.7936959266662598,
        "actual_qps": 7.15897525177916,
        "instance_distribution_submitted": {
          "instance-004": 10,
          "instance-005": 10
        },
        "instance_distribution_completed": {
          "instance-004": 10,
          "instance-005": 10
        }
      }
    }
  ]
}