{
  "experiment": "02.multi_model_no_dep",
  "timestamp": "2025-11-02T20:26:13.377298",
  "config": {
    "n1": 10,
    "n2": 6,
    "qps1": 8.0,
    "qps2": 5.0,
    "num_tasks": 200,
    "workload_a": {
      "type": "bimodal",
      "description": "Bimodal: 50% at 2.0s, 50% at 8.5s",
      "mean": 5.23550105534457,
      "std": 3.310697687001512,
      "min": 1.0,
      "max": 10.0
    },
    "workload_b": {
      "type": "pareto",
      "description": "Pareto (alpha=1.5): 80%<3.5s, 95%<5.7s, long-tail to 10.0s",
      "mean": 2.5138791874300868,
      "std": 1.6256703693254508,
      "min": 1.0,
      "max": 10.0
    }
  },
  "results": [
    {
      "strategy": "min_time",
      "scheduler_a": {
        "scheduler": "Scheduler A",
        "strategy": "min_time",
        "qps": 8.0,
        "num_tasks": 200,
        "num_submitted": 200,
        "num_completed": 200,
        "num_failed": 0,
        "num_received": 200,
        "avg_completion_time": 21.089741661548615,
        "median_completion_time": 19.920132398605347,
        "p95_completion_time": 39.803533279895774,
        "p99_completion_time": 49.001301882266944,
        "total_time": 86.22323727607727,
        "submission_time": 31.15567183494568,
        "actual_qps": 6.419376897392741,
        "instance_distribution_submitted": {
          "instance-000": 13,
          "instance-001": 14,
          "instance-002": 13,
          "instance-003": 11,
          "instance-004": 11,
          "instance-005": 12,
          "instance-006": 12,
          "instance-007": 14,
          "instance-008": 13,
          "instance-009": 13,
          "instance-010": 11,
          "instance-011": 12,
          "instance-012": 12,
          "instance-013": 11,
          "instance-014": 14,
          "instance-015": 14
        },
        "instance_distribution_completed": {
          "instance-000": 13,
          "instance-001": 14,
          "instance-002": 13,
          "instance-003": 11,
          "instance-004": 11,
          "instance-005": 12,
          "instance-006": 12,
          "instance-007": 14,
          "instance-008": 13,
          "instance-009": 13,
          "instance-010": 11,
          "instance-011": 12,
          "instance-012": 12,
          "instance-013": 11,
          "instance-014": 14,
          "instance-015": 14
        }
      },
      "scheduler_b": {
        "scheduler": "Scheduler B",
        "strategy": "min_time",
        "qps": 5.0,
        "num_tasks": 200,
        "num_submitted": 200,
        "num_completed": 200,
        "num_failed": 0,
        "num_received": 200,
        "avg_completion_time": 3.0968451178073884,
        "median_completion_time": 2.493700623512268,
        "p95_completion_time": 7.223332667350766,
        "p99_completion_time": 9.092292013168326,
        "total_time": 51.07190656661987,
        "submission_time": 42.23224067687988,
        "actual_qps": 4.7357184178364085,
        "instance_distribution_submitted": {
          "instance-016": 14,
          "instance-017": 13,
          "instance-018": 13,
          "instance-019": 8,
          "instance-020": 15,
          "instance-021": 12,
          "instance-022": 11,
          "instance-023": 16,
          "instance-024": 11,
          "instance-025": 13,
          "instance-026": 12,
          "instance-027": 9,
          "instance-028": 15,
          "instance-029": 14,
          "instance-030": 14,
          "instance-031": 10
        },
        "instance_distribution_completed": {
          "instance-016": 14,
          "instance-017": 13,
          "instance-018": 13,
          "instance-019": 8,
          "instance-020": 15,
          "instance-021": 12,
          "instance-022": 11,
          "instance-023": 16,
          "instance-024": 11,
          "instance-025": 13,
          "instance-026": 12,
          "instance-027": 9,
          "instance-028": 15,
          "instance-029": 14,
          "instance-030": 14,
          "instance-031": 10
        }
      }
    },
    {
      "strategy": "round_robin",
      "scheduler_a": {
        "scheduler": "Scheduler A",
        "strategy": "round_robin",
        "qps": 8.0,
        "num_tasks": 200,
        "num_submitted": 200,
        "num_completed": 200,
        "num_failed": 0,
        "num_received": 200,
        "avg_completion_time": 24.346867973804475,
        "median_completion_time": 21.81351387500763,
        "p95_completion_time": 49.05383913516997,
        "p99_completion_time": 55.68955116271972,
        "total_time": 87.81449365615845,
        "submission_time": 25.589678525924683,
        "actual_qps": 7.815651134397086,
        "instance_distribution_submitted": {
          "instance-000": 13,
          "instance-001": 13,
          "instance-002": 13,
          "instance-003": 13,
          "instance-004": 13,
          "instance-005": 13,
          "instance-006": 13,
          "instance-007": 13,
          "instance-008": 12,
          "instance-009": 12,
          "instance-010": 12,
          "instance-011": 12,
          "instance-012": 12,
          "instance-013": 12,
          "instance-014": 12,
          "instance-015": 12
        },
        "instance_distribution_completed": {
          "instance-000": 13,
          "instance-001": 13,
          "instance-002": 13,
          "instance-003": 13,
          "instance-004": 13,
          "instance-005": 13,
          "instance-006": 13,
          "instance-007": 13,
          "instance-008": 12,
          "instance-009": 12,
          "instance-010": 12,
          "instance-011": 12,
          "instance-012": 12,
          "instance-013": 12,
          "instance-014": 12,
          "instance-015": 12
        }
      },
      "scheduler_b": {
        "scheduler": "Scheduler B",
        "strategy": "round_robin",
        "qps": 5.0,
        "num_tasks": 200,
        "num_submitted": 200,
        "num_completed": 200,
        "num_failed": 0,
        "num_received": 200,
        "avg_completion_time": 3.35929217338562,
        "median_completion_time": 2.5513328313827515,
        "p95_completion_time": 9.073174691200256,
        "p99_completion_time": 10.765704481601713,
        "total_time": 53.61788892745972,
        "submission_time": 44.658525466918945,
        "actual_qps": 4.478428203997715,
        "instance_distribution_submitted": {
          "instance-016": 13,
          "instance-017": 13,
          "instance-018": 13,
          "instance-019": 13,
          "instance-020": 13,
          "instance-021": 13,
          "instance-022": 13,
          "instance-023": 13,
          "instance-024": 12,
          "instance-025": 12,
          "instance-026": 12,
          "instance-027": 12,
          "instance-028": 12,
          "instance-029": 12,
          "instance-030": 12,
          "instance-031": 12
        },
        "instance_distribution_completed": {
          "instance-016": 13,
          "instance-017": 13,
          "instance-018": 13,
          "instance-019": 13,
          "instance-020": 13,
          "instance-021": 13,
          "instance-022": 13,
          "instance-023": 13,
          "instance-024": 12,
          "instance-025": 12,
          "instance-026": 12,
          "instance-027": 12,
          "instance-028": 12,
          "instance-029": 12,
          "instance-030": 12,
          "instance-031": 12
        }
      }
    },
    {
      "strategy": "probabilistic",
      "scheduler_a": {
        "scheduler": "Scheduler A",
        "strategy": "probabilistic",
        "qps": 8.0,
        "num_tasks": 200,
        "num_submitted": 200,
        "num_completed": 200,
        "num_failed": 0,
        "num_received": 200,
        "avg_completion_time": 22.423953031301497,
        "median_completion_time": 22.305794835090637,
        "p95_completion_time": 41.300931251049036,
        "p99_completion_time": 42.78383511543274,
        "total_time": 71.98428511619568,
        "submission_time": 28.09111189842224,