{
  "test_config": {
    "total_qps": 5.0,
    "duration_seconds": 100.0,
    "model_ids": [
      "llm_fast",
      "llm_medium",
      "llm_slow"
    ],
    "runtime_ratios": [
      1.0,
      5.0,
      20.0
    ],
    "qps_ratios": [
      5.0,
      1.0,
      3.0
    ]
  },
  "cluster_config": {
    "num_workers": 8,
    "gpu_per_worker": 1
  },
  "deployment": {
    "model_distribution": {
      "llm_medium": 1,
      "llm_fast": 1,
      "llm_slow": 6
    },
    "target_state": {
      "llm_fast": 1,
      "llm_medium": 1,
      "llm_slow": 6
    },
    "capacity_units": {
      "llm_fast": 5.0,
      "llm_medium": 5.0,
      "llm_slow": 60.0
    }
  },
  "workload": {
    "tasks_submitted": 501,
    "tasks_successful_submit": 501,
    "tasks_failed_submit": 0,
    "actual_qps": 5.009657937064983,
    "tasks_by_model": {
      "llm_slow": 171,
      "llm_fast": 280,
      "llm_medium": 50
    }
  },
  "execution": {
    "tasks_completed": 501,
    "tasks_failed": 0,
    "tasks_timeout": 0,
    "success_rate": 1.0,
    "execution_stats": {
      "llm_fast": {
        "count": 280,
        "p50_ms": 64.65816497802734,
        "p90_ms": 236.9236946105957,
        "p99_ms": 318.13621520996094,
        "avg_ms": 96.15023306437901
      },
      "llm_medium": {
        "count": 50,
        "p50_ms": 461.409330368042,
        "p90_ms": 709.925651550293,
        "p99_ms": 933.4845542907715,
        "avg_ms": 483.0513906478882
      },
      "llm_slow": {
        "count": 171,
        "p50_ms": 1750.187873840332,
        "p90_ms": 3639.5833492279053,
        "p99_ms": 6000.907182693481,
        "avg_ms": 2059.465193609048
      }
    }
  },
  "timestamp": "2026-01-16 13:06:53",
  "scheduling_strategy": "round_robin"
}