{
  "5": [
    105346.24147415161,
    86173.29454421997,
    104392.44675636292,
    105949.49269294739,
    104496.6013431549,
    95351.75728797913,
    106149.95002746582,
    107567.3406124115,
    91355.63349723816
  ],
  "6": [
    75373.27075004578,
    89878.54719161987,
    102081.26997947693,
    89031.70943260193,
    1855.074167251587,
    104271.24166488647,
    106310.94098091125,
    2254.7402381896973,
    102308.26091766357
  ],
  "7": [
    92358.15238952637,
    101326.63750648499,
    111208.9114189148,
    84828.84693145752,
    112987.54739761353,
    106129.09626960754,
    108673.96426200867,
    108399.16515350342,
    102441.75148010254
  ],
  "8": [
    110347.0766544342,
    107952.30174064636,
    86050.05431175232,
    2326.4832496643066,
    99378.48210334778,
    80571.54154777527,
    87113.86966705322,
    90446.46334648132,
    105305.6845664978
  ],
  "9": [
    105468.25647354126,
    101694.60606575012,
    89158.28061103821,
    84980.10158538818,
    111713.36627006531,
    2363.4302616119385,
    106413.50603103638,
    106437.96062469482,
    106520.32804489136
  ],
  "10": [
    108923.75659942627,
    91415.60292243958,
    106435.79816818237,
    88336.6219997406,
    108191.36905670166,
    102652.06575393677,
    107103.71994972229,
    108751.67036056519,
    106764.41287994385
  ],
  "11": [
    102365.65375328064,
    94787.73999214172,
    109398.3142375946,
    2625.8604526519775,
    108807.18636512756,
    106664.48163986206,
    105353.90996932983,
    110206.20203018188,
    107245.67937850952
  ],
  "12": [
    96320.1105594635,
    2608.795642852783,
    98021.74687385559,
    107726.79591178894,
    106588.18817138672,
    102840.4586315155,
    104704.89430427551,
    106802.16431617737,
    103546.94890975952
  ],
  "13": [
    103990.96131324768,
    107216.15433692932,
    91751.48344039917,
    98337.94236183167,
    105395.31922340393,
    88255.48195838928,
    87752.71582603455,
    105493.97349357605,
    104092.85116195679
  ],
  "14": [
    106998.4302520752,
    103551.60307884216,
    86133.49747657776,
    106889.44888114929,
    107319.23723220825,
    85710.71457862854,
    101437.10207939148,
    105001.58095359802,
    109748.56686592102
  ],
  "15": [
    78847.28956222534,
    79019.84524726868,
    108252.70080566406,
    105875.05888938904,
    87762.06350326538,
    106949.20229911804,
    93954.08749580383,
    109519.73414421082,
    104635.35380363464
  ]
}